"Molecule ChEMBL ID";"Molecule Name";"Molecule Max Phase";"Molecular Weight";"#RO5 Violations";"AlogP";"Compound Key";"Smiles";"Standard Type";"Standard Relation";"Standard Value";"Standard Units";"pChEMBL Value";"Data Validity Comment";"Comment";"Uo Units";"Ligand Efficiency BEI";"Ligand Efficiency LE";"Ligand Efficiency LLE";"Ligand Efficiency SEI";"Potential Duplicate";"Assay ChEMBL ID";"Assay Description";"Assay Type";"BAO Format ID";"BAO Label";"Assay Organism";"Assay Tissue ChEMBL ID";"Assay Tissue Name";"Assay Cell Type";"Assay Subcellular Fraction";"Assay Parameters";"Assay Variant Accession";"Assay Variant Mutation";"Target ChEMBL ID";"Target Name";"Target Organism";"Target Type";"Document ChEMBL ID";"Source ID";"Source Description";"Document Journal";"Document Year";"Cell ChEMBL ID";"Properties"
"CHEMBL4176123";"";"None";"302.80";"0";"3.20";"7h";"CN(CCNC(=O)c1ccc(Cl)cc1)Cc1ccccc1";"Activity";"'='";"4.0";"%";"";"";"";"UO_0000187";"";"";"";"";"0";"CHEMBL4131898";"Agonist activity at recombinant human 5-HT1B at 10 uM by GTPgamma[35S] binding-based assay relative to agonist";"F";"BAO_0000019";"assay format";"Homo sapiens";"None";"None";"None";"None";"";"";"";"CHEMBL1898";"Serotonin 1b (5-HT1b) receptor";"Homo sapiens";"SINGLE PROTEIN";"CHEMBL4130363";"1";"Scientific Literature";"Eur J Med Chem";"2017";"None";""
"CHEMBL4174797";"";"None";"327.38";"0";"2.85";"7z";"CN(CCCNC(=O)c1ccc([N+](=O)[O-])cc1)Cc1ccccc1";"Activity";"'='";"7.0";"%";"";"";"";"UO_0000187";"";"";"";"";"0";"CHEMBL4131898";"Agonist activity at recombinant human 5-HT1B at 10 uM by GTPgamma[35S] binding-based assay relative to agonist";"F";"BAO_0000019";"assay format";"Homo sapiens";"None";"None";"None";"None";"";"";"";"CHEMBL1898";"Serotonin 1b (5-HT1b) receptor";"Homo sapiens";"SINGLE PROTEIN";"CHEMBL4130363";"1";"Scientific Literature";"Eur J Med Chem";"2017";"None";""
"CHEMBL492301";"";"None";"420.96";"0";"3.26";"3v";"O=S(=O)(c1ccc2c(c1)CCNCC2)N1CCC(Oc2ccccc2Cl)CC1";"Activity";"";"";"";"";"";"Active";"";"";"";"";"";"0";"CHEMBL1030745";"Binding affinity to 5HT1B receptor";"B";"BAO_0000357";"single protein format";"None";"None";"None";"None";"None";"";"";"";"CHEMBL1898";"Serotonin 1b (5-HT1b) receptor";"Homo sapiens";"SINGLE PROTEIN";"CHEMBL1153351";"1";"Scientific Literature";"Bioorg Med Chem Lett";"2009";"None";""
"CHEMBL519240";"";"None";"327.43";"0";"1.71";"4, A-987306";"Nc1nc2c(c(N3CCNCC3)n1)CCC1=C2[C@@H]2CCCC[C@@H]2O1";"Activity";"'='";"14.2";"%";"";"";"";"UO_0000187";"";"";"";"";"0";"CHEMBL937791";"Binding affinity to human 5HT1B receptor at 10 uM relative to control";"B";"BAO_0000357";"single protein format";"Homo sapiens";"None";"None";"None";"None";"";"";"";"CHEMBL1898";"Serotonin 1b (5-HT1b) receptor";"Homo sapiens";"SINGLE PROTEIN";"CHEMBL1140203";"1";"Scientific Literature";"J Med Chem";"2008";"None";""
"CHEMBL3819587";"";"None";"550.64";"1";"3.86";"7";"COc1cc([C@@H](CC(=O)O)c2ccc(C)c(CN3C[C@@H](C)Oc4ccccc4S3(=O)=O)c2)cc2nnn(C)c12";"Activity";"";"";"";"";"";"Not Active";"";"";"";"";"";"0";"CHEMBL3819844";"Agonist activity at 5HT1B receptor (unknown origin)";"B";"BAO_0000357";"single protein format";"Homo sapiens";"None";"None";"None";"None";"";"";"";"CHEMBL1898";"Serotonin 1b (5-HT1b) receptor";"Homo sapiens";"SINGLE PROTEIN";"CHEMBL3817762";"1";"Scientific Literature";"J Med Chem";"2016";"None";""
"CHEMBL198463";"";"None";"460.61";"0";"2.82";"34";"CN1CCc2c(sc3ncn(CCN4CCN(c5ccnc6ccccc56)CC4)c(=O)c23)C1";"Activity";"";"";"";"";"";"Antagonist";"";"";"";"";"";"0";"CHEMBL868749";"Functional activity in in FLIPR assay for 5HT1B receptor";"F";"BAO_0000019";"assay format";"Homo sapiens";"None";"None";"None";"None";"";"";"";"CHEMBL1898";"Serotonin 1b (5-HT1b) receptor";"Homo sapiens";"SINGLE PROTEIN";"CHEMBL1141234";"1";"Scientific Literature";"Bioorg Med Chem Lett";"2005";"None";""
"CHEMBL1631536";"";"None";"483.59";"1";"5.69";"31";"Cc1ccc2c(N3CCN(CCc4cccc(NC(=O)Nc5cccc(F)c5)c4)CC3)cccc2n1";"Activity";"";"";"";"";"";"Active";"";"";"";"";"";"0";"CHEMBL1635445";"Inverse agonist activity at human recombinant 5-HT1B receptor expressed in CHO cells by [S35]GTPgammaS binding assay";"F";"BAO_0000219";"cell-based format";"Homo sapiens";"None";"None";"CHO";"None";"";"";"";"CHEMBL1898";"Serotonin 1b (5-HT1b) receptor";"Homo sapiens";"SINGLE PROTEIN";"CHEMBL1629528";"1";"Scientific Literature";"J Med Chem";"2010";"CHEMBL3308072";""
"CHEMBL601013";"";"None";"494.57";"0";"4.22";"11";"COC1(c2ccc(NC(=O)C3CCc4cc(F)cc(-c5c(C)nn(C)c5C)c4O3)cn2)CCOCC1";"Activity";"'='";"62.0";"%";"";"";"";"UO_0000187";"";"";"";"";"0";"CHEMBL1070286";"Antagonist activity at 5HT1B receptor expressed in CHO cells by [35S]GTPgammaS assay";"F";"BAO_0000219";"cell-based format";"None";"None";"None";"CHO";"None";"";"";"";"CHEMBL1898";"Serotonin 1b (5-HT1b) receptor";"Homo sapiens";"SINGLE PROTEIN";"CHEMBL1156870";"1";"Scientific Literature";"J Med Chem";"2010";"CHEMBL3308072";""
"CHEMBL568237";"";"None";"382.39";"0";"2.18";"11";"C[C@@H]1CNCCN1c1cc(=O)n(C)c(COc2ccccc2C(F)(F)F)n1";"Activity";"'='";"210.0";"nM";"";"";"";"UO_0000065";"";"";"";"";"0";"CHEMBL1049782";"Binding affinity to 5HT1B receptor";"B";"BAO_0000357";"single protein format";"None";"None";"None";"None";"None";"";"";"";"CHEMBL1898";"Serotonin 1b (5-HT1b) receptor";"Homo sapiens";"SINGLE PROTEIN";"CHEMBL1155998";"1";"Scientific Literature";"Bioorg Med Chem Lett";"2009";"None";""
"CHEMBL197078";"";"None";"423.59";"0";"2.58";"13";"Cc1ccccc1N1CCN(CCn2cnc3sc4c(c3c2=O)CCN(C)C4)CC1";"Activity";"";"";"";"";"";"Partial agonist";"";"";"";"";"";"0";"CHEMBL868749";"Functional activity in in FLIPR assay for 5HT1B receptor";"F";"BAO_0000019";"assay format";"Homo sapiens";"None";"None";"None";"None";"";"";"";"CHEMBL1898";"Serotonin 1b (5-HT1b) receptor";"Homo sapiens";"SINGLE PROTEIN";"CHEMBL1141234";"1";"Scientific Literature";"Bioorg Med Chem Lett";"2005";"None";""
"CHEMBL605785";"";"None";"506.53";"1";"4.25";"8";"COC1(c2ccc(NC(=O)c3cc(=O)c4cc(F)cc(-c5c(C)nn(C)c5C)c4o3)cn2)CCOCC1";"Activity";"'='";"90.0";"%";"";"";"";"UO_0000187";"";"";"";"";"0";"CHEMBL1070286";"Antagonist activity at 5HT1B receptor expressed in CHO cells by [35S]GTPgammaS assay";"F";"BAO_0000219";"cell-based format";"None";"None";"None";"CHO";"None";"";"";"";"CHEMBL1898";"Serotonin 1b (5-HT1b) receptor";"Homo sapiens";"SINGLE PROTEIN";"CHEMBL1156870";"1";"Scientific Literature";"J Med Chem";"2010";"CHEMBL3308072";""
"CHEMBL2111779";"";"None";"387.48";"0";"4.58";"3c";"COc1ccc(C(=O)Nc2ccc(-c3ccncc3)cc2)cc1/C=C\CN(C)C";"Activity";"'='";"2.3";"";"";"";"";"";"";"";"";"";"0";"CHEMBL617002";"Intrinsic activity for Antagonism of 5-hydroxytryptamine 1B receptor-mediated stimulation of [35S]GTP gamma S binding";"F";"BAO_0000019";"assay format";"None";"None";"None";"None";"None";"";"";"";"CHEMBL1898";"Serotonin 1b (5-HT1b) receptor";"Homo sapiens";"SINGLE PROTEIN";"CHEMBL1130199";"1";"Scientific Literature";"J Med Chem";"1997";"None";""
"CHEMBL197007";"";"None";"485.66";"0";"3.94";"14";"CN1CCc2c(sc3ncn(CCN4CCN(c5ccccc5-c5ccccc5)CC4)c(=O)c23)C1";"Activity";"";"";"";"";"";"Antagonist";"";"";"";"";"";"0";"CHEMBL868749";"Functional activity in in FLIPR assay for 5HT1B receptor";"F";"BAO_0000019";"assay format";"Homo sapiens";"None";"None";"None";"None";"";"";"";"CHEMBL1898";"Serotonin 1b (5-HT1b) receptor";"Homo sapiens";"SINGLE PROTEIN";"CHEMBL1141234";"1";"Scientific Literature";"Bioorg Med Chem Lett";"2005";"None";""
"CHEMBL19215";"METERGOLINE";"4.0";"403.53";"0";"4.06";"metergoline";"CN1C[C@H](CNC(=O)OCc2ccccc2)C[C@@H]2c3cccc4c3c(cn4C)C[C@H]21";"Activity";"'='";"28.0";"nM";"";"";"";"UO_0000065";"";"";"";"";"0";"CHEMBL1283439";"Displacement of [3H]GR127543 from human cloned 5HT1B receptor";"B";"BAO_0000357";"single protein format";"Homo sapiens";"None";"None";"None";"None";"";"";"";"CHEMBL1898";"Serotonin 1b (5-HT1b) receptor";"Homo sapiens";"SINGLE PROTEIN";"CHEMBL1275246";"1";"Scientific Literature";"Bioorg Med Chem";"2010";"None";""
"CHEMBL1632220";"";"None";"417.56";"0";"4.05";"26";"CCNC(=O)Nc1cccc(CCN2CCN(c3cccc4nc(C)ccc34)CC2)c1";"Activity";"";"";"";"";"";"Active";"";"";"";"";"";"0";"CHEMBL1635445";"Inverse agonist activity at human recombinant 5-HT1B receptor expressed in CHO cells by [S35]GTPgammaS binding assay";"F";"BAO_0000219";"cell-based format";"Homo sapiens";"None";"None";"CHO";"None";"";"";"";"CHEMBL1898";"Serotonin 1b (5-HT1b) receptor";"Homo sapiens";"SINGLE PROTEIN";"CHEMBL1629528";"1";"Scientific Literature";"J Med Chem";"2010";"CHEMBL3308072";""
"CHEMBL4173188";"";"None";"316.83";"0";"3.59";"7i";"CN(CCCNC(=O)c1ccc(Cl)cc1)Cc1ccccc1";"Activity";"'='";"7.0";"%";"";"";"";"UO_0000187";"";"";"";"";"0";"CHEMBL4131898";"Agonist activity at recombinant human 5-HT1B at 10 uM by GTPgamma[35S] binding-based assay relative to agonist";"F";"BAO_0000019";"assay format";"Homo sapiens";"None";"None";"None";"None";"";"";"";"CHEMBL1898";"Serotonin 1b (5-HT1b) receptor";"Homo sapiens";"SINGLE PROTEIN";"CHEMBL4130363";"1";"Scientific Literature";"Eur J Med Chem";"2017";"None";""
"CHEMBL4168852";"";"None";"312.41";"0";"2.95";"7u";"COc1ccc(C(=O)NCCCN(C)Cc2ccccc2)cc1";"Activity";"'='";"7.0";"%";"";"";"";"UO_0000187";"";"";"";"";"0";"CHEMBL4131898";"Agonist activity at recombinant human 5-HT1B at 10 uM by GTPgamma[35S] binding-based assay relative to agonist";"F";"BAO_0000019";"assay format";"Homo sapiens";"None";"None";"None";"None";"";"";"";"CHEMBL1898";"Serotonin 1b (5-HT1b) receptor";"Homo sapiens";"SINGLE PROTEIN";"CHEMBL4130363";"1";"Scientific Literature";"Eur J Med Chem";"2017";"None";""
"CHEMBL521211";"";"None";"290.75";"0";"2.65";"4";"O=C(c1ccc(-c2ccc(Cl)cc2)o1)N1CCNCC1";"Activity";"'='";"86.0";"%";"";"";"";"UO_0000187";"";"";"";"";"0";"CHEMBL954025";"Binding affinity to 5HT1B receptor at 10 uM";"B";"BAO_0000357";"single protein format";"None";"None";"None";"None";"None";"";"";"";"CHEMBL1898";"Serotonin 1b (5-HT1b) receptor";"Homo sapiens";"SINGLE PROTEIN";"CHEMBL1150418";"1";"Scientific Literature";"Bioorg Med Chem";"2008";"None";""
"CHEMBL1632216";"";"None";"480.61";"1";"5.17";"22";"COc1ccc(C(=O)Nc2cccc(CCN3CCN(c4cccc5nc(C)ccc45)CC3)c2)cc1";"Activity";"";"";"";"";"";"Active";"";"";"";"";"";"0";"CHEMBL1635445";"Inverse agonist activity at human recombinant 5-HT1B receptor expressed in CHO cells by [S35]GTPgammaS binding assay";"F";"BAO_0000219";"cell-based format";"Homo sapiens";"None";"None";"CHO";"None";"";"";"";"CHEMBL1898";"Serotonin 1b (5-HT1b) receptor";"Homo sapiens";"SINGLE PROTEIN";"CHEMBL1629528";"1";"Scientific Literature";"J Med Chem";"2010";"CHEMBL3308072";""
"CHEMBL520349";"";"None";"438.96";"1";"6.64";"12h";"CCCCNC(=O)c1ccc2c(c1)N=C(c1ccc(F)c(Cl)c1)c1ccccc1S2";"Activity";"";"";"";"";"";"Active";"";"";"";"";"";"0";"CHEMBL1000200";"Binding affinity to 5HT1B receptor";"B";"BAO_0000357";"single protein format";"None";"None";"None";"None";"None";"";"";"";"CHEMBL1898";"Serotonin 1b (5-HT1b) receptor";"Homo sapiens";"SINGLE PROTEIN";"CHEMBL1138444";"1";"Scientific Literature";"J Med Chem";"2009";"None";""
"CHEMBL119264";"GR-55562";"None";"375.47";"0";"4.20";"2";"CN(C)CCCc1cc(C(=O)Nc2ccc(-c3ccncc3)cc2)ccc1O";"Activity";"'='";"-3.7";"";"";"";"";"";"";"";"";"";"0";"CHEMBL617002";"Intrinsic activity for Antagonism of 5-hydroxytryptamine 1B receptor-mediated stimulation of [35S]GTP gamma S binding";"F";"BAO_0000019";"assay format";"None";"None";"None";"None";"None";"";"";"";"CHEMBL1898";"Serotonin 1b (5-HT1b) receptor";"Homo sapiens";"SINGLE PROTEIN";"CHEMBL1130199";"1";"Scientific Literature";"J Med Chem";"1997";"None";""
"CHEMBL197240";"";"None";"460.61";"0";"2.82";"35";"CN1CCc2c(sc3ncn(CCN4CCN(c5cccc6ncccc56)CC4)c(=O)c23)C1";"Activity";"";"";"";"";"";"Partial agonist";"";"";"";"";"";"0";"CHEMBL868749";"Functional activity in in FLIPR assay for 5HT1B receptor";"F";"BAO_0000019";"assay format";"Homo sapiens";"None";"None";"None";"None";"";"";"";"CHEMBL1898";"Serotonin 1b (5-HT1b) receptor";"Homo sapiens";"SINGLE PROTEIN";"CHEMBL1141234";"1";"Scientific Literature";"Bioorg Med Chem Lett";"2005";"None";""
"CHEMBL200315";"";"None";"451.60";"0";"2.20";"31";"CN1CCc2c(sc3ncn(CCN4CCN(c5cccc6c5OCC6)CC4)c(=O)c23)C1";"Activity";"";"";"";"";"";"Antagonist";"";"";"";"";"";"0";"CHEMBL868749";"Functional activity in in FLIPR assay for 5HT1B receptor";"F";"BAO_0000019";"assay format";"Homo sapiens";"None";"None";"None";"None";"";"";"";"CHEMBL1898";"Serotonin 1b (5-HT1b) receptor";"Homo sapiens";"SINGLE PROTEIN";"CHEMBL1141234";"1";"Scientific Literature";"Bioorg Med Chem Lett";"2005";"None";""
"CHEMBL198696";"";"None";"444.00";"0";"2.92";"15";"CN1CCc2c(sc3ncn(CCN4CCN(c5ccccc5Cl)CC4)c(=O)c23)C1";"Activity";"";"";"";"";"";"Partial agonist";"";"";"";"";"";"0";"CHEMBL868749";"Functional activity in in FLIPR assay for 5HT1B receptor";"F";"BAO_0000019";"assay format";"Homo sapiens";"None";"None";"None";"None";"";"";"";"CHEMBL1898";"Serotonin 1b (5-HT1b) receptor";"Homo sapiens";"SINGLE PROTEIN";"CHEMBL1141234";"1";"Scientific Literature";"Bioorg Med Chem Lett";"2005";"None";""
"CHEMBL196962";"";"None";"474.03";"0";"2.93";"26";"COc1cc(Cl)ccc1N1CCN(CCn2cnc3sc4c(c3c2=O)CCN(C)C4)CC1";"Activity";"";"";"";"";"";"Antagonist";"";"";"";"";"";"0";"CHEMBL868749";"Functional activity in in FLIPR assay for 5HT1B receptor";"F";"BAO_0000019";"assay format";"Homo sapiens";"None";"None";"None";"None";"";"";"";"CHEMBL1898";"Serotonin 1b (5-HT1b) receptor";"Homo sapiens";"SINGLE PROTEIN";"CHEMBL1141234";"1";"Scientific Literature";"Bioorg Med Chem Lett";"2005";"None";""
"CHEMBL1336";"SORAFENIB";"4.0";"464.83";"1";"5.55";"Sorafenib";"CNC(=O)c1cc(Oc2ccc(NC(=O)Nc3ccc(Cl)c(C(F)(F)F)c3)cc2)ccn1";"Activity";"";"";"";"";"";"Not Active";"";"";"";"";"";"0";"CHEMBL2167678";"Displacement of [3H]GR127543 from 5HT1B receptor after 1.5 hrs by scintillation counter";"B";"BAO_0000357";"single protein format";"None";"None";"None";"None";"None";"";"";"";"CHEMBL1898";"Serotonin 1b (5-HT1b) receptor";"Homo sapiens";"SINGLE PROTEIN";"CHEMBL2163296";"1";"Scientific Literature";"J Med Chem";"2012";"None";""
"CHEMBL3617552";"";"None";"358.39";"0";"3.74";"12e";"CN1CCC(C(=O)c2cc(F)cc(NC(=O)c3ccc(F)cc3)c2)CC1";"Activity";"";"";"";"";"";"Not Active";"";"";"";"";"";"0";"CHEMBL3618903";"Binding affinity to human 5HT1B receptor by radioligand binding assay";"B";"BAO_0000357";"single protein format";"Homo sapiens";"None";"None";"None";"None";"";"";"";"CHEMBL1898";"Serotonin 1b (5-HT1b) receptor";"Homo sapiens";"SINGLE PROTEIN";"CHEMBL3616417";"1";"Scientific Literature";"Bioorg Med Chem Lett";"2015";"None";""
"CHEMBL4166905";"";"None";"313.36";"0";"2.46";"7y";"CN(CCNC(=O)c1ccc([N+](=O)[O-])cc1)Cc1ccccc1";"Activity";"'='";"-10.0";"%";"";"";"";"UO_0000187";"";"";"";"";"0";"CHEMBL4131898";"Agonist activity at recombinant human 5-HT1B at 10 uM by GTPgamma[35S] binding-based assay relative to agonist";"F";"BAO_0000019";"assay format";"Homo sapiens";"None";"None";"None";"None";"";"";"";"CHEMBL1898";"Serotonin 1b (5-HT1b) receptor";"Homo sapiens";"SINGLE PROTEIN";"CHEMBL4130363";"1";"Scientific Literature";"Eur J Med Chem";"2017";"None";""
"CHEMBL524153";"";"None";"488.59";"0";"3.45";"13";"O=C(NCCN1CCCN(C[C@H]2COc3ccccc3O2)CC1)c1cccnc1Oc1ccccc1";"Activity";"'='";"44.0";"%";"";"";"";"UO_0000187";"";"";"";"";"0";"CHEMBL984475";"Binding affinity to human 5HT1B receptor at 10 uM";"B";"BAO_0000357";"single protein format";"Homo sapiens";"None";"None";"None";"None";"";"";"";"CHEMBL1898";"Serotonin 1b (5-HT1b) receptor";"Homo sapiens";"SINGLE PROTEIN";"CHEMBL1144238";"1";"Scientific Literature";"Bioorg Med Chem Lett";"2008";"None";""
"CHEMBL395609";"";"None";"410.56";"0";"3.76";"14";"COc1ccc([C@@H]2CN(C)Cc3cc(OCCCN4CCOC[C@@H]4C)ccc32)cc1";"Activity";"";"";"";"";"";"Not Active";"";"";"";"";"";"0";"CHEMBL885458";"Binding affinity at 5HT1B receptor at 1 uM";"B";"BAO_0000357";"single protein format";"None";"None";"None";"None";"None";"";"";"";"CHEMBL1898";"Serotonin 1b (5-HT1b) receptor";"Homo sapiens";"SINGLE PROTEIN";"CHEMBL1138430";"1";"Scientific Literature";"Bioorg Med Chem Lett";"2007";"None";""
"CHEMBL602875";"";"None";"466.58";"0";"2.62";"1a";"COc1cc2c(c(N3CCN(C)CC3)c1)O[C@@H](C(=O)Nc1ccc(N3CCOCC3)cc1)CC2";"Activity";"'='";"120.0";"%";"";"";"";"UO_0000187";"";"";"";"";"0";"CHEMBL1070286";"Antagonist activity at 5HT1B receptor expressed in CHO cells by [35S]GTPgammaS assay";"F";"BAO_0000219";"cell-based format";"None";"None";"None";"CHO";"None";"";"";"";"CHEMBL1898";"Serotonin 1b (5-HT1b) receptor";"Homo sapiens";"SINGLE PROTEIN";"CHEMBL1156870";"1";"Scientific Literature";"J Med Chem";"2010";"CHEMBL3308072";""
"CHEMBL309021";"";"None";"389.50";"0";"4.50";"3a";"COc1ccc(C(=O)Nc2ccc(-c3ccncc3)cc2)cc1CCCN(C)C";"Activity";"'='";"4.0";"";"";"";"";"";"";"";"";"";"0";"CHEMBL617002";"Intrinsic activity for Antagonism of 5-hydroxytryptamine 1B receptor-mediated stimulation of [35S]GTP gamma S binding";"F";"BAO_0000019";"assay format";"None";"None";"None";"None";"None";"";"";"";"CHEMBL1898";"Serotonin 1b (5-HT1b) receptor";"Homo sapiens";"SINGLE PROTEIN";"CHEMBL1130199";"1";"Scientific Literature";"J Med Chem";"1997";"None";""
"CHEMBL3719135";"";"None";"423.44";"0";"3.05";"14";"CC(C)n1nc(-c2cnc(N)c(OC(F)(F)F)c2)cc1[C@H]1[C@@H]2CN(C3COC3)C[C@@H]21";"Activity";"'>'";"50.0";"%";"";"";"";"UO_0000187";"";"";"";"";"0";"CHEMBL4120217";"Binding affinity to 5HT1B receptor (unknown origin) receptor at 10 uM relative to control";"B";"BAO_0000357";"single protein format";"Homo sapiens";"None";"None";"None";"None";"";"";"";"CHEMBL1898";"Serotonin 1b (5-HT1b) receptor";"Homo sapiens";"SINGLE PROTEIN";"CHEMBL4118097";"1";"Scientific Literature";"J Med Chem";"2017";"None";""
"CHEMBL200951";"";"None";"460.61";"0";"2.82";"40";"CN1CCc2c(sc3ncn(CCN4CCN(c5ccc6ccccc6n5)CC4)c(=O)c23)C1";"Activity";"";"";"";"";"";"Partial agonist";"";"";"";"";"";"0";"CHEMBL868749";"Functional activity in in FLIPR assay for 5HT1B receptor";"F";"BAO_0000019";"assay format";"Homo sapiens";"None";"None";"None";"None";"";"";"";"CHEMBL1898";"Serotonin 1b (5-HT1b) receptor";"Homo sapiens";"SINGLE PROTEIN";"CHEMBL1141234";"1";"Scientific Literature";"Bioorg Med Chem Lett";"2005";"None";""
"CHEMBL198792";"";"None";"501.66";"1";"4.06";"19";"CN1CCc2c(sc3ncn(CCN4CCN(c5ccccc5Oc5ccccc5)CC4)c(=O)c23)C1";"Activity";"";"";"";"";"";"Partial agonist";"";"";"";"";"";"0";"CHEMBL868749";"Functional activity in in FLIPR assay for 5HT1B receptor";"F";"BAO_0000019";"assay format";"Homo sapiens";"None";"None";"None";"None";"";"";"";"CHEMBL1898";"Serotonin 1b (5-HT1b) receptor";"Homo sapiens";"SINGLE PROTEIN";"CHEMBL1141234";"1";"Scientific Literature";"Bioorg Med Chem Lett";"2005";"None";""
"CHEMBL196958";"";"None";"467.64";"0";"3.06";"17";"CC(C)Oc1ccccc1N1CCN(CCn2cnc3sc4c(c3c2=O)CCN(C)C4)CC1";"Activity";"";"";"";"";"";"Antagonist";"";"";"";"";"";"0";"CHEMBL868749";"Functional activity in in FLIPR assay for 5HT1B receptor";"F";"BAO_0000019";"assay format";"Homo sapiens";"None";"None";"None";"None";"";"";"";"CHEMBL1898";"Serotonin 1b (5-HT1b) receptor";"Homo sapiens";"SINGLE PROTEIN";"CHEMBL1141234";"1";"Scientific Literature";"Bioorg Med Chem Lett";"2005";"None";""
"CHEMBL196862";"";"None";"434.57";"0";"2.14";"16";"CN1CCc2c(sc3ncn(CCN4CCN(c5ccccc5C#N)CC4)c(=O)c23)C1";"Activity";"";"";"";"";"";"Agonist";"";"";"";"";"";"0";"CHEMBL868749";"Functional activity in in FLIPR assay for 5HT1B receptor";"F";"BAO_0000019";"assay format";"Homo sapiens";"None";"None";"None";"None";"";"";"";"CHEMBL1898";"Serotonin 1b (5-HT1b) receptor";"Homo sapiens";"SINGLE PROTEIN";"CHEMBL1141234";"1";"Scientific Literature";"Bioorg Med Chem Lett";"2005";"None";""
"CHEMBL4169270";"";"None";"330.86";"0";"3.63";"8a";"CN(CCCNC(=O)c1ccc(Cl)cc1)CCc1ccccc1";"Activity";"'='";"1.0";"%";"";"";"";"UO_0000187";"";"";"";"";"0";"CHEMBL4131898";"Agonist activity at recombinant human 5-HT1B at 10 uM by GTPgamma[35S] binding-based assay relative to agonist";"F";"BAO_0000019";"assay format";"Homo sapiens";"None";"None";"None";"None";"";"";"";"CHEMBL1898";"Serotonin 1b (5-HT1b) receptor";"Homo sapiens";"SINGLE PROTEIN";"CHEMBL4130363";"1";"Scientific Literature";"Eur J Med Chem";"2017";"None";""
"CHEMBL4217988";"";"None";"719.82";"2";"7.23";"5; PF-06456384";"N#Cc1cc(S(=O)(=O)Nc2ncns2)ccc1Oc1ccc(-c2cccc(C(F)(F)F)c2)cc1-c1ccnc(CNCCC2CCNCC2)c1";"Activity";"'='";"141.0";"%";"";"";"";"UO_0000187";"";"";"";"";"0";"CHEMBL4179863";"Agonist activity at human 5-HT1B receptor expressed in HeLa cells assessed as increase in cAMP accumulation at 10 uM measured after 20 mins by HTRF method relative to control";"F";"BAO_0000219";"cell-based format";"Homo sapiens";"None";"None";"HeLa";"None";"";"";"";"CHEMBL1898";"Serotonin 1b (5-HT1b) receptor";"Homo sapiens";"SINGLE PROTEIN";"CHEMBL4177603";"1";"Scientific Literature";"Bioorg Med Chem Lett";"2017";"None";""
"CHEMBL4202767";"";"None";"391.85";"0";"4.78";"56";"CCOc1c(Cl)cc(C(=O)Nc2ccc(C(=O)O)c(C)c2)cc1OC(C)C";"Activity";"'<='";"25.0";"%";"";"";"";"UO_0000187";"";"";"";"";"0";"CHEMBL4187132";"Binding affinity to recombinant human full length 5-HT1B receptor at 10 uM after 90 mins by scintillation counting analysis relative to control";"B";"BAO_0000357";"single protein format";"Homo sapiens";"None";"None";"None";"None";"";"";"";"CHEMBL1898";"Serotonin 1b (5-HT1b) receptor";"Homo sapiens";"SINGLE PROTEIN";"CHEMBL4184197";"1";"Scientific Literature";"Bioorg Med Chem";"2018";"None";""
"CHEMBL199443";"";"None";"460.61";"0";"2.82";"38";"CN1CCc2c(sc3ncn(CCN4CCN(c5cccc6cccnc56)CC4)c(=O)c23)C1";"Activity";"";"";"";"";"";"Partial agonist";"";"";"";"";"";"0";"CHEMBL868749";"Functional activity in in FLIPR assay for 5HT1B receptor";"F";"BAO_0000019";"assay format";"Homo sapiens";"None";"None";"None";"None";"";"";"";"CHEMBL1898";"Serotonin 1b (5-HT1b) receptor";"Homo sapiens";"SINGLE PROTEIN";"CHEMBL1141234";"1";"Scientific Literature";"Bioorg Med Chem Lett";"2005";"None";""
"CHEMBL3617555";"";"None";"354.43";"0";"3.91";"12d";"Cc1c(NC(=O)c2ccc(F)cc2)cccc1C(=O)C1CCN(C)CC1";"Activity";"";"";"";"";"";"Not Active";"";"";"";"";"";"0";"CHEMBL3618903";"Binding affinity to human 5HT1B receptor by radioligand binding assay";"B";"BAO_0000357";"single protein format";"Homo sapiens";"None";"None";"None";"None";"";"";"";"CHEMBL1898";"Serotonin 1b (5-HT1b) receptor";"Homo sapiens";"SINGLE PROTEIN";"CHEMBL3616417";"1";"Scientific Literature";"Bioorg Med Chem Lett";"2015";"None";""
"CHEMBL253597";"";"None";"347.40";"0";"4.44";"[11C]10";"CC(=O)N(Cc1ccccc1O[11CH3])c1cnccc1Oc1ccccc1";"Activity";"'<'";"50.0";"%";"";"";"";"UO_0000187";"";"";"";"";"0";"CHEMBL924992";"Binding affinity to 5HT1B at 10 uM";"B";"BAO_0000357";"single protein format";"None";"None";"None";"None";"None";"";"";"";"CHEMBL1898";"Serotonin 1b (5-HT1b) receptor";"Homo sapiens";"SINGLE PROTEIN";"CHEMBL1140697";"1";"Scientific Literature";"J Med Chem";"2008";"None";""
"CHEMBL2069411";"";"None";"459.42";"0";"3.31";"13";"O=C(N[C@@H]1COc2cccc(-c3ccc(CO)nc3)c2C1)c1ccc(OCC(F)(F)F)nc1";"Activity";"";"";"";"";"";"Not Active";"";"";"";"";"";"0";"CHEMBL2073220";"Activity at 5HT1B receptor";"B";"BAO_0000357";"single protein format";"Homo sapiens";"None";"None";"None";"None";"";"";"";"CHEMBL1898";"Serotonin 1b (5-HT1b) receptor";"Homo sapiens";"SINGLE PROTEIN";"CHEMBL2069242";"1";"Scientific Literature";"Bioorg Med Chem Lett";"2012";"None";""
"CHEMBL3608450";"";"None";"415.49";"0";"4.77";"5a";"COc1cc2c3c(c1OC)-c1cc4c(cc1CC3N(C)CC2c1ccccc1)OCO4";"Activity";"";"";"";"";"";"Not Active";"";"";"";"";"";"0";"CHEMBL3610529";"Antagonist activity at 5HT1B receptor (unknown origin)";"B";"BAO_0000357";"single protein format";"Homo sapiens";"None";"None";"None";"None";"";"";"";"CHEMBL1898";"Serotonin 1b (5-HT1b) receptor";"Homo sapiens";"SINGLE PROTEIN";"CHEMBL3608284";"1";"Scientific Literature";"Bioorg Med Chem Lett";"2015";"None";""
"CHEMBL3617549";"";"None";"340.40";"0";"3.60";"8";"CN1CCC(C(=O)c2cccc(NC(=O)c3ccc(F)cc3)c2)CC1";"Activity";"";"";"";"";"";"Not Active";"";"";"";"";"";"0";"CHEMBL3618903";"Binding affinity to human 5HT1B receptor by radioligand binding assay";"B";"BAO_0000357";"single protein format";"Homo sapiens";"None";"None";"None";"None";"";"";"";"CHEMBL1898";"Serotonin 1b (5-HT1b) receptor";"Homo sapiens";"SINGLE PROTEIN";"CHEMBL3616417";"1";"Scientific Literature";"Bioorg Med Chem Lett";"2015";"None";""
"CHEMBL3617553";"";"None";"358.39";"0";"3.74";"15";"CN1CCC(C(=O)c2ccc(F)c(NC(=O)c3ccc(F)cc3)c2)CC1";"Activity";"";"";"";"";"";"Not Active";"";"";"";"";"";"0";"CHEMBL3618903";"Binding affinity to human 5HT1B receptor by radioligand binding assay";"B";"BAO_0000357";"single protein format";"Homo sapiens";"None";"None";"None";"None";"";"";"";"CHEMBL1898";"Serotonin 1b (5-HT1b) receptor";"Homo sapiens";"SINGLE PROTEIN";"CHEMBL3616417";"1";"Scientific Literature";"Bioorg Med Chem Lett";"2015";"None";""
"CHEMBL484952";"";"None";"420.97";"1";"6.50";"12e";"CCCCNC(=O)c1ccc2c(c1)N=C(c1ccc(Cl)cc1)c1ccccc1S2";"Activity";"";"";"";"";"";"Active";"";"";"";"";"";"0";"CHEMBL1000200";"Binding affinity to 5HT1B receptor";"B";"BAO_0000357";"single protein format";"None";"None";"None";"None";"None";"";"";"";"CHEMBL1898";"Serotonin 1b (5-HT1b) receptor";"Homo sapiens";"SINGLE PROTEIN";"CHEMBL1138444";"1";"Scientific Literature";"J Med Chem";"2009";"None";""
"CHEMBL3617551";"";"None";"358.39";"0";"3.74";"18";"CN1CCC(C(=O)c2cc(NC(=O)c3ccc(F)cc3)ccc2F)CC1";"Activity";"";"";"";"";"";"Not Active";"";"";"";"";"";"0";"CHEMBL3618903";"Binding affinity to human 5HT1B receptor by radioligand binding assay";"B";"BAO_0000357";"single protein format";"Homo sapiens";"None";"None";"None";"None";"";"";"";"CHEMBL1898";"Serotonin 1b (5-HT1b) receptor";"Homo sapiens";"SINGLE PROTEIN";"CHEMBL3616417";"1";"Scientific Literature";"Bioorg Med Chem Lett";"2015";"None";""
"CHEMBL4744046";"";"None";"559.07";"1";"4.73";"Y1f";"COC(=O)[C@@H]1[C@H]2C[C@@H](c3[nH]c4ccccc4c3CCn3cc(-c4cccc(Cl)c4)nn3)N(C#N)C[C@@H]2CC[C@@H]1O";"Activity";"";"";"";"";"";"Not Active";"";"";"";"";"";"0";"CHEMBL4726283";"Agonist activity at HTR1B in human U2OS cells at 20 uM by PathHunter beta-arrestin assay relative to control";"B";"BAO_0000219";"cell-based format";"Homo sapiens";"None";"Bone";"U2OS";"None";"";"";"";"CHEMBL1898";"Serotonin 1b (5-HT1b) receptor";"Homo sapiens";"SINGLE PROTEIN";"CHEMBL4725259";"1";"Scientific Literature";"Bioorg Med Chem";"2020";"None";"Dose = 20.0 microM"
"CHEMBL599376";"";"None";"361.39";"0";"3.51";"6e";"Cn1/c(=N/NC(=O)CC(C)(C)C)sc2cc(OC(F)(F)F)ccc21";"Activity";"'='";"0.0";"%";"";"";"";"UO_0000187";"";"";"";"";"0";"CHEMBL1070908";"Displacement of radioligand from 5HT1B receptor at 10 uM by displacement assay";"B";"BAO_0000357";"single protein format";"None";"None";"None";"None";"None";"";"";"";"CHEMBL1898";"Serotonin 1b (5-HT1b) receptor";"Homo sapiens";"SINGLE PROTEIN";"CHEMBL1157731";"1";"Scientific Literature";"J Med Chem";"2010";"None";""
"CHEMBL3735756";"";"None";"447.58";"1";"5.15";"6c";"COc1ccc(CCN(CCCc2ccccc2)CCc2ccc3c(c2)OCO3)cc1OC";"Activity";"";"";"";"";"";"Not Active";"";"";"";"";"";"0";"CHEMBL3736846";"Displacement of [3H]5-CT from human recombinant 5-HT1B receptor stably expressed in HEK cell membrane after 90 mins by scintillation counting method";"B";"BAO_0000219";"cell-based format";"Homo sapiens";"None";"None";"HEK293";"None";"";"";"";"CHEMBL1898";"Serotonin 1b (5-HT1b) receptor";"Homo sapiens";"SINGLE PROTEIN";"CHEMBL3734659";"1";"Scientific Literature";"Medchemcomm";"2015";"CHEMBL3307715";""
"CHEMBL438619";"";"None";"460.61";"0";"2.82";"37";"CN1CCc2c(sc3ncn(CCN4CCN(c5cccc6ccncc56)CC4)c(=O)c23)C1";"Activity";"";"";"";"";"";"Partial agonist";"";"";"";"";"";"0";"CHEMBL868749";"Functional activity in in FLIPR assay for 5HT1B receptor";"F";"BAO_0000019";"assay format";"Homo sapiens";"None";"None";"None";"None";"";"";"";"CHEMBL1898";"Serotonin 1b (5-HT1b) receptor";"Homo sapiens";"SINGLE PROTEIN";"CHEMBL1141234";"1";"Scientific Literature";"Bioorg Med Chem Lett";"2005";"None";""
"CHEMBL1632208";"";"None";"416.57";"0";"4.50";"14";"Cc1ccc2c(N3CCN(CCc4cccc(NC(=O)C(C)C)c4)CC3)cccc2n1";"Activity";"";"";"";"";"";"Active";"";"";"";"";"";"0";"CHEMBL1635445";"Inverse agonist activity at human recombinant 5-HT1B receptor expressed in CHO cells by [S35]GTPgammaS binding assay";"F";"BAO_0000219";"cell-based format";"Homo sapiens";"None";"None";"CHO";"None";"";"";"";"CHEMBL1898";"Serotonin 1b (5-HT1b) receptor";"Homo sapiens";"SINGLE PROTEIN";"CHEMBL1629528";"1";"Scientific Literature";"J Med Chem";"2010";"CHEMBL3308072";""
"CHEMBL1632218";"";"None";"471.63";"0";"4.93";"24";"Cc1ccc2c(N3CCN(CCc4cccc(NC(=O)c5csc(C)n5)c4)CC3)cccc2n1";"Activity";"";"";"";"";"";"Active";"";"";"";"";"";"0";"CHEMBL1635445";"Inverse agonist activity at human recombinant 5-HT1B receptor expressed in CHO cells by [S35]GTPgammaS binding assay";"F";"BAO_0000219";"cell-based format";"Homo sapiens";"None";"None";"CHO";"None";"";"";"";"CHEMBL1898";"Serotonin 1b (5-HT1b) receptor";"Homo sapiens";"SINGLE PROTEIN";"CHEMBL1629528";"1";"Scientific Literature";"J Med Chem";"2010";"CHEMBL3308072";""
"CHEMBL197445";"";"None";"508.48";"1";"3.58";"29";"COc1c(Cl)cc(Cl)cc1N1CCN(CCn2cnc3sc4c(c3c2=O)CCN(C)C4)CC1";"Activity";"";"";"";"";"";"Partial agonist";"";"";"";"";"";"0";"CHEMBL868749";"Functional activity in in FLIPR assay for 5HT1B receptor";"F";"BAO_0000019";"assay format";"Homo sapiens";"None";"None";"None";"None";"";"";"";"CHEMBL1898";"Serotonin 1b (5-HT1b) receptor";"Homo sapiens";"SINGLE PROTEIN";"CHEMBL1141234";"1";"Scientific Literature";"Bioorg Med Chem Lett";"2005";"None";""
"CHEMBL196914";"";"None";"474.03";"0";"2.93";"27";"COc1c(Cl)cccc1N1CCN(CCn2cnc3sc4c(c3c2=O)CCN(C)C4)CC1";"Activity";"";"";"";"";"";"Partial agonist";"";"";"";"";"";"0";"CHEMBL868749";"Functional activity in in FLIPR assay for 5HT1B receptor";"F";"BAO_0000019";"assay format";"Homo sapiens";"None";"None";"None";"None";"";"";"";"CHEMBL1898";"Serotonin 1b (5-HT1b) receptor";"Homo sapiens";"SINGLE PROTEIN";"CHEMBL1141234";"1";"Scientific Literature";"Bioorg Med Chem Lett";"2005";"None";""
"CHEMBL1651095";"PULICATIN A";"None";"223.30";"0";"1.63";"6";"C[C@@H]1SC(c2ccccc2O)=N[C@@H]1CO";"Activity";"";"";"";"";"";"Not Active";"";"";"";"";"";"0";"CHEMBL1663919";"Binding affinity to human 5HT1B receptor at 10 uM by radioligand displacement assay";"B";"BAO_0000357";"single protein format";"Homo sapiens";"None";"None";"None";"None";"";"";"";"CHEMBL1898";"Serotonin 1b (5-HT1b) receptor";"Homo sapiens";"SINGLE PROTEIN";"CHEMBL1649343";"1";"Scientific Literature";"J Nat Prod";"2010";"None";""
"CHEMBL1632207";"";"None";"402.54";"0";"4.26";"13";"CCC(=O)Nc1cccc(CCN2CCN(c3cccc4nc(C)ccc34)CC2)c1";"Activity";"";"";"";"";"";"Active";"";"";"";"";"";"0";"CHEMBL1635445";"Inverse agonist activity at human recombinant 5-HT1B receptor expressed in CHO cells by [S35]GTPgammaS binding assay";"F";"BAO_0000219";"cell-based format";"Homo sapiens";"None";"None";"CHO";"None";"";"";"";"CHEMBL1898";"Serotonin 1b (5-HT1b) receptor";"Homo sapiens";"SINGLE PROTEIN";"CHEMBL1629528";"1";"Scientific Literature";"J Med Chem";"2010";"CHEMBL3308072";""
"CHEMBL199049";"";"None";"439.59";"0";"2.28";"2";"COc1ccccc1N1CCN(CCn2cnc3sc4c(c3c2=O)CCN(C)C4)CC1";"Activity";"";"";"";"";"";"Partial agonist";"";"";"";"";"";"0";"CHEMBL868749";"Functional activity in in FLIPR assay for 5HT1B receptor";"F";"BAO_0000019";"assay format";"Homo sapiens";"None";"None";"None";"None";"";"";"";"CHEMBL1898";"Serotonin 1b (5-HT1b) receptor";"Homo sapiens";"SINGLE PROTEIN";"CHEMBL1141234";"1";"Scientific Literature";"Bioorg Med Chem Lett";"2005";"None";""
"CHEMBL4793039";"";"None";"536.63";"1";"1.60";"Y2e";"COC(=O)[C@@H]1[C@H]2C[C@@H]([C@@]3(CCn4cc(CCCCO)nn4)C(=O)Nc4ccccc43)N(C#N)C[C@@H]2CC[C@@H]1O";"Activity";"";"";"";"";"";"Not Active";"";"";"";"";"";"0";"CHEMBL4726283";"Agonist activity at HTR1B in human U2OS cells at 20 uM by PathHunter beta-arrestin assay relative to control";"B";"BAO_0000219";"cell-based format";"Homo sapiens";"None";"Bone";"U2OS";"None";"";"";"";"CHEMBL1898";"Serotonin 1b (5-HT1b) receptor";"Homo sapiens";"SINGLE PROTEIN";"CHEMBL4725259";"1";"Scientific Literature";"Bioorg Med Chem";"2020";"None";"Dose = 20.0 microM"
"CHEMBL395368";"";"None";"428.62";"1";"5.19";"(+)/-12p";"CSc1ccc(C2CN(C)Cc3cc(OCCCN4CCC(F)CC4)ccc32)cc1";"Activity";"";"";"";"";"";"Not Active";"";"";"";"";"";"0";"CHEMBL885458";"Binding affinity at 5HT1B receptor at 1 uM";"B";"BAO_0000357";"single protein format";"None";"None";"None";"None";"None";"";"";"";"CHEMBL1898";"Serotonin 1b (5-HT1b) receptor";"Homo sapiens";"SINGLE PROTEIN";"CHEMBL1138430";"1";"Scientific Literature";"Bioorg Med Chem Lett";"2007";"None";""
"CHEMBL392760";"";"None";"380.88";"0";"2.74";"11q";"NCCc1cn(S(=O)(=O)c2c(Cl)nc3sccn23)c2ccccc12";"Activity";"'='";"36.0";"%";"";"";"";"UO_0000187";"";"";"";"";"0";"CHEMBL900210";"Displacement of [3H]5-HT from human 5HT1B receptor expressed in CHO cells at 1 uM";"B";"BAO_0000219";"cell-based format";"Homo sapiens";"None";"None";"CHO";"None";"";"";"";"CHEMBL1898";"Serotonin 1b (5-HT1b) receptor";"Homo sapiens";"SINGLE PROTEIN";"CHEMBL1138245";"1";"Scientific Literature";"J Med Chem";"2007";"CHEMBL3308072";""
"CHEMBL3617550";"";"None";"358.39";"0";"3.74";"12f";"CN1CCC(C(=O)c2cccc(NC(=O)c3ccc(F)cc3)c2F)CC1";"Activity";"";"";"";"";"";"Not Active";"";"";"";"";"";"0";"CHEMBL3618903";"Binding affinity to human 5HT1B receptor by radioligand binding assay";"B";"BAO_0000357";"single protein format";"Homo sapiens";"None";"None";"None";"None";"";"";"";"CHEMBL1898";"Serotonin 1b (5-HT1b) receptor";"Homo sapiens";"SINGLE PROTEIN";"CHEMBL3616417";"1";"Scientific Literature";"Bioorg Med Chem Lett";"2015";"None";""
"CHEMBL3633184";"";"None";"412.53";"0";"3.51";"1";"CCOC(=O)N1[C@@H]2CC[C@H]1C[C@H](CN1CC[C@@H](N3Cc4ccccc4NC3=O)C1)C2";"Activity";"'='";"-1.26";"%";"";"";"";"UO_0000187";"";"";"";"";"0";"CHEMBL3635367";"Agonist activity at 5-HT1B receptor (unknown origin) expressed in CHO cells assessed as calcium mobilization at 3 uM";"F";"BAO_0000219";"cell-based format";"Homo sapiens";"None";"None";"CHO";"None";"";"";"";"CHEMBL1898";"Serotonin 1b (5-HT1b) receptor";"Homo sapiens";"SINGLE PROTEIN";"CHEMBL3632469";"1";"Scientific Literature";"Bioorg Med Chem Lett";"2015";"CHEMBL3308072";""
"CHEMBL371094";"";"None";"495.69";"0";"3.69";"18";"CN1CCc2c(sc3ncn(CCN4CCN(c5ccccc5OCC(C)(C)C)CC4)c(=O)c23)C1";"Activity";"";"";"";"";"";"Antagonist";"";"";"";"";"";"0";"CHEMBL868749";"Functional activity in in FLIPR assay for 5HT1B receptor";"F";"BAO_0000019";"assay format";"Homo sapiens";"None";"None";"None";"None";"";"";"";"CHEMBL1898";"Serotonin 1b (5-HT1b) receptor";"Homo sapiens";"SINGLE PROTEIN";"CHEMBL1141234";"1";"Scientific Literature";"Bioorg Med Chem Lett";"2005";"None";""
"CHEMBL3310035";"";"None";"278.26";"0";"1.62";"4";"COC(=O)CCc1cc2cc(C)oc(=O)c2c(O)c1O";"Activity";"";"";"";"";"";"Not Active";"";"";"";"";"";"0";"CHEMBL3363632";"Displacement of [3H]5-CT from human serotonin 5-HT1B receptor expressed in HEK cells at 10 uM after 90 mins by microbeta counting analysis";"B";"BAO_0000219";"cell-based format";"Homo sapiens";"None";"None";"HEK293";"None";"";"";"";"CHEMBL1898";"Serotonin 1b (5-HT1b) receptor";"Homo sapiens";"SINGLE PROTEIN";"CHEMBL3352407";"1";"Scientific Literature";"J Nat Prod";"2014";"CHEMBL3307715";""
"CHEMBL4168697";"";"None";"361.28";"0";"3.70";"7l";"CN(CCCNC(=O)c1cccc(Br)c1)Cc1ccccc1";"Activity";"'='";"1.0";"%";"";"";"";"UO_0000187";"";"";"";"";"0";"CHEMBL4131898";"Agonist activity at recombinant human 5-HT1B at 10 uM by GTPgamma[35S] binding-based assay relative to agonist";"F";"BAO_0000019";"assay format";"Homo sapiens";"None";"None";"None";"None";"";"";"";"CHEMBL1898";"Serotonin 1b (5-HT1b) receptor";"Homo sapiens";"SINGLE PROTEIN";"CHEMBL4130363";"1";"Scientific Literature";"Eur J Med Chem";"2017";"None";""
"CHEMBL1632209";"";"None";"430.60";"0";"4.89";"15";"Cc1ccc2c(N3CCN(CCc4cccc(NC(=O)C(C)(C)C)c4)CC3)cccc2n1";"Activity";"";"";"";"";"";"Active";"";"";"";"";"";"0";"CHEMBL1635445";"Inverse agonist activity at human recombinant 5-HT1B receptor expressed in CHO cells by [S35]GTPgammaS binding assay";"F";"BAO_0000219";"cell-based format";"Homo sapiens";"None";"None";"CHO";"None";"";"";"";"CHEMBL1898";"Serotonin 1b (5-HT1b) receptor";"Homo sapiens";"SINGLE PROTEIN";"CHEMBL1629528";"1";"Scientific Literature";"J Med Chem";"2010";"CHEMBL3308072";""
"CHEMBL1632210";"";"None";"450.59";"1";"5.16";"16";"Cc1ccc2c(N3CCN(CCc4cccc(NC(=O)c5ccccc5)c4)CC3)cccc2n1";"Activity";"";"";"";"";"";"Active";"";"";"";"";"";"0";"CHEMBL1635445";"Inverse agonist activity at human recombinant 5-HT1B receptor expressed in CHO cells by [S35]GTPgammaS binding assay";"F";"BAO_0000219";"cell-based format";"Homo sapiens";"None";"None";"CHO";"None";"";"";"";"CHEMBL1898";"Serotonin 1b (5-HT1b) receptor";"Homo sapiens";"SINGLE PROTEIN";"CHEMBL1629528";"1";"Scientific Literature";"J Med Chem";"2010";"CHEMBL3308072";""
"CHEMBL3617558";"";"None";"341.39";"0";"3.00";"21b";"CN1CCC(C(=O)c2cc(NC(=O)c3ccc(F)cc3)ccn2)CC1";"Activity";"";"";"";"";"";"Not Active";"";"";"";"";"";"0";"CHEMBL3618903";"Binding affinity to human 5HT1B receptor by radioligand binding assay";"B";"BAO_0000357";"single protein format";"Homo sapiens";"None";"None";"None";"None";"";"";"";"CHEMBL1898";"Serotonin 1b (5-HT1b) receptor";"Homo sapiens";"SINGLE PROTEIN";"CHEMBL3616417";"1";"Scientific Literature";"Bioorg Med Chem Lett";"2015";"None";""
"CHEMBL483749";"";"None";"419.59";"1";"5.98";"12a";"O=C(NN1CCCCC1)c1ccc2c(c1)N=C(C1CCCCC1)c1ccccc1S2";"Activity";"";"";"";"";"";"Active";"";"";"";"";"";"0";"CHEMBL1000200";"Binding affinity to 5HT1B receptor";"B";"BAO_0000357";"single protein format";"None";"None";"None";"None";"None";"";"";"";"CHEMBL1898";"Serotonin 1b (5-HT1b) receptor";"Homo sapiens";"SINGLE PROTEIN";"CHEMBL1138444";"1";"Scientific Literature";"J Med Chem";"2009";"None";""
"CHEMBL1627";"";"None";"463.02";"0";"4.75";"3";"CNC(=O)C(CCN1CCC(O)(c2ccc(Cl)cc2)CC1)(c1ccccc1)c1ccccc1";"Activity";"'<'";"50.0";"%";"";"";"";"UO_0000187";"";"";"";"";"0";"CHEMBL1026436";"Displacement of [3H]GR125743 from human 5HT1B receptor at 10 uM";"B";"BAO_0000357";"single protein format";"Homo sapiens";"None";"None";"None";"None";"";"";"";"CHEMBL1898";"Serotonin 1b (5-HT1b) receptor";"Homo sapiens";"SINGLE PROTEIN";"CHEMBL1140103";"1";"Scientific Literature";"J Med Chem";"2008";"None";""
"CHEMBL1169707";"";"None";"435.53";"0";"3.81";"2{1,71}";"CN(Cc1ccccc1)c1nc2c(S(=O)(=O)c3ccccc3)nnn2c2ccsc12";"Activity";"'='";"1.0";"%";"";"";"";"UO_0000187";"";"";"";"";"0";"CHEMBL1175875";"Binding affinity to 5HT1B receptor at 1 uM by radioligand displacement assay";"B";"BAO_0000357";"single protein format";"None";"None";"None";"None";"None";"";"";"";"CHEMBL1898";"Serotonin 1b (5-HT1b) receptor";"Homo sapiens";"SINGLE PROTEIN";"CHEMBL1177669";"1";"Scientific Literature";"Bioorg Med Chem";"2010";"None";""
"CHEMBL198836";"";"None";"459.62";"0";"3.42";"41";"CN1CCc2c(sc3ncn(CCN4CCN(c5cccc6ccccc56)CC4)c(=O)c23)C1";"Activity";"";"";"";"";"";"Partial agonist";"";"";"";"";"";"0";"CHEMBL868749";"Functional activity in in FLIPR assay for 5HT1B receptor";"F";"BAO_0000019";"assay format";"Homo sapiens";"None";"None";"None";"None";"";"";"";"CHEMBL1898";"Serotonin 1b (5-HT1b) receptor";"Homo sapiens";"SINGLE PROTEIN";"CHEMBL1141234";"1";"Scientific Literature";"Bioorg Med Chem Lett";"2005";"None";""
"CHEMBL4173342";"";"None";"312.41";"0";"2.95";"7t";"COc1cccc(C(=O)NCCCN(C)Cc2ccccc2)c1";"Activity";"'='";"-12.0";"%";"";"";"";"UO_0000187";"";"";"";"";"0";"CHEMBL4131898";"Agonist activity at recombinant human 5-HT1B at 10 uM by GTPgamma[35S] binding-based assay relative to agonist";"F";"BAO_0000019";"assay format";"Homo sapiens";"None";"None";"None";"None";"";"";"";"CHEMBL1898";"Serotonin 1b (5-HT1b) receptor";"Homo sapiens";"SINGLE PROTEIN";"CHEMBL4130363";"1";"Scientific Literature";"Eur J Med Chem";"2017";"None";""
"CHEMBL4172201";"";"None";"293.37";"0";"2.42";"7w";"CN(CCNC(=O)c1ccc(C#N)cc1)Cc1ccccc1";"Activity";"'='";"-12.0";"%";"";"";"";"UO_0000187";"";"";"";"";"0";"CHEMBL4131898";"Agonist activity at recombinant human 5-HT1B at 10 uM by GTPgamma[35S] binding-based assay relative to agonist";"F";"BAO_0000019";"assay format";"Homo sapiens";"None";"None";"None";"None";"";"";"";"CHEMBL1898";"Serotonin 1b (5-HT1b) receptor";"Homo sapiens";"SINGLE PROTEIN";"CHEMBL4130363";"1";"Scientific Literature";"Eur J Med Chem";"2017";"None";""
"CHEMBL4159382";"";"None";"374.47";"0";"3.92";"35";"Cc1cc(/N=N/c2ccc(S(=O)(=O)NC3CCCC3)cc2)c(N)cc1O";"Activity";"'='";"-9.6";"%";"";"";"";"UO_0000187";"";"";"";"";"0";"CHEMBL4153187";"Displacement of [125I]-CYP from human 5-HT1B receptor at 10 uM after 120 mins by scintillation counting analysis relative to control";"B";"BAO_0000357";"single protein format";"Homo sapiens";"None";"None";"None";"None";"";"";"";"CHEMBL1898";"Serotonin 1b (5-HT1b) receptor";"Homo sapiens";"SINGLE PROTEIN";"CHEMBL4152207";"1";"Scientific Literature";"Eur J Med Chem";"2018";"None";""
"CHEMBL3617557";"";"None";"341.39";"0";"3.00";"21a";"CN1CCC(C(=O)c2cccc(NC(=O)c3ccc(F)cc3)n2)CC1";"Activity";"";"";"";"";"";"Not Active";"";"";"";"";"";"0";"CHEMBL3618903";"Binding affinity to human 5HT1B receptor by radioligand binding assay";"B";"BAO_0000357";"single protein format";"Homo sapiens";"None";"None";"None";"None";"";"";"";"CHEMBL1898";"Serotonin 1b (5-HT1b) receptor";"Homo sapiens";"SINGLE PROTEIN";"CHEMBL3616417";"1";"Scientific Literature";"Bioorg Med Chem Lett";"2015";"None";""
"CHEMBL602674";"";"None";"521.59";"1";"2.99";"AZD-1134";"CCC(=O)N1CCN(c2ccc(NC(=O)c3cc(=O)c4cc(F)cc(N5CCN(C)CC5)c4o3)cc2)CC1";"Activity";"'='";"150.0";"%";"";"";"";"UO_0000187";"";"";"";"";"0";"CHEMBL1070286";"Antagonist activity at 5HT1B receptor expressed in CHO cells by [35S]GTPgammaS assay";"F";"BAO_0000219";"cell-based format";"None";"None";"None";"CHO";"None";"";"";"";"CHEMBL1898";"Serotonin 1b (5-HT1b) receptor";"Homo sapiens";"SINGLE PROTEIN";"CHEMBL1156870";"1";"Scientific Literature";"J Med Chem";"2010";"CHEMBL3308072";""
"CHEMBL4162490";"";"None";"350.38";"0";"3.96";"7e";"CN(CCCNC(=O)c1ccc(C(F)(F)F)cc1)Cc1ccccc1";"Activity";"'='";"-1.0";"%";"";"";"";"UO_0000187";"";"";"";"";"0";"CHEMBL4131898";"Agonist activity at recombinant human 5-HT1B at 10 uM by GTPgamma[35S] binding-based assay relative to agonist";"F";"BAO_0000019";"assay format";"Homo sapiens";"None";"None";"None";"None";"";"";"";"CHEMBL1898";"Serotonin 1b (5-HT1b) receptor";"Homo sapiens";"SINGLE PROTEIN";"CHEMBL4130363";"1";"Scientific Literature";"Eur J Med Chem";"2017";"None";""
"CHEMBL4169383";"";"None";"361.28";"0";"3.70";"7m";"CN(CCCNC(=O)c1ccc(Br)cc1)Cc1ccccc1";"Activity";"'='";"10.0";"%";"";"";"";"UO_0000187";"";"";"";"";"0";"CHEMBL4131898";"Agonist activity at recombinant human 5-HT1B at 10 uM by GTPgamma[35S] binding-based assay relative to agonist";"F";"BAO_0000019";"assay format";"Homo sapiens";"None";"None";"None";"None";"";"";"";"CHEMBL1898";"Serotonin 1b (5-HT1b) receptor";"Homo sapiens";"SINGLE PROTEIN";"CHEMBL4130363";"1";"Scientific Literature";"Eur J Med Chem";"2017";"None";""
"CHEMBL1173578";"";"None";"469.98";"0";"4.46";"2B{5,71}";"CN(Cc1ccccc1)c1nc2c(S(=O)(=O)c3cccc(Cl)c3)nnn2c2ccsc12";"Activity";"'='";"3.0";"%";"";"";"";"UO_0000187";"";"";"";"";"0";"CHEMBL1175875";"Binding affinity to 5HT1B receptor at 1 uM by radioligand displacement assay";"B";"BAO_0000357";"single protein format";"None";"None";"None";"None";"None";"";"";"";"CHEMBL1898";"Serotonin 1b (5-HT1b) receptor";"Homo sapiens";"SINGLE PROTEIN";"CHEMBL1177669";"1";"Scientific Literature";"Bioorg Med Chem";"2010";"None";""
"CHEMBL3617559";"";"None";"341.39";"0";"3.00";"24a";"CN1CCC(C(=O)c2cncc(NC(=O)c3ccc(F)cc3)c2)CC1";"Activity";"";"";"";"";"";"Not Active";"";"";"";"";"";"0";"CHEMBL3618903";"Binding affinity to human 5HT1B receptor by radioligand binding assay";"B";"BAO_0000357";"single protein format";"Homo sapiens";"None";"None";"None";"None";"";"";"";"CHEMBL1898";"Serotonin 1b (5-HT1b) receptor";"Homo sapiens";"SINGLE PROTEIN";"CHEMBL3616417";"1";"Scientific Literature";"Bioorg Med Chem Lett";"2015";"None";""
"CHEMBL2069427";"";"None";"474.44";"0";"3.36";"29";"COc1cnc(-c2cccc3c2C[C@H](NC(=O)c2ccc(COCC(F)(F)F)nc2)CO3)cn1";"Activity";"";"";"";"";"";"Not Active";"";"";"";"";"";"0";"CHEMBL2073220";"Activity at 5HT1B receptor";"B";"BAO_0000357";"single protein format";"Homo sapiens";"None";"None";"None";"None";"";"";"";"CHEMBL1898";"Serotonin 1b (5-HT1b) receptor";"Homo sapiens";"SINGLE PROTEIN";"CHEMBL2069242";"1";"Scientific Literature";"Bioorg Med Chem Lett";"2012";"None";""
"CHEMBL1632213";"";"None";"468.58";"1";"5.30";"19";"Cc1ccc2c(N3CCN(CCc4cccc(NC(=O)c5ccc(F)cc5)c4)CC3)cccc2n1";"Activity";"";"";"";"";"";"Active";"";"";"";"";"";"0";"CHEMBL1635445";"Inverse agonist activity at human recombinant 5-HT1B receptor expressed in CHO cells by [S35]GTPgammaS binding assay";"F";"BAO_0000219";"cell-based format";"Homo sapiens";"None";"None";"CHO";"None";"";"";"";"CHEMBL1898";"Serotonin 1b (5-HT1b) receptor";"Homo sapiens";"SINGLE PROTEIN";"CHEMBL1629528";"1";"Scientific Literature";"J Med Chem";"2010";"CHEMBL3308072";""
"CHEMBL1631532";"";"None";"404.51";"0";"4.09";"33";"COC(=O)Nc1cccc(CCN2CCN(c3cccc4nc(C)ccc34)CC2)c1";"Activity";"";"";"";"";"";"Active";"";"";"";"";"";"0";"CHEMBL1635445";"Inverse agonist activity at human recombinant 5-HT1B receptor expressed in CHO cells by [S35]GTPgammaS binding assay";"F";"BAO_0000219";"cell-based format";"Homo sapiens";"None";"None";"CHO";"None";"";"";"";"CHEMBL1898";"Serotonin 1b (5-HT1b) receptor";"Homo sapiens";"SINGLE PROTEIN";"CHEMBL1629528";"1";"Scientific Literature";"J Med Chem";"2010";"CHEMBL3308072";""
"CHEMBL4172301";"";"None";"324.47";"0";"3.89";"7b";"CCCc1ccc(C(=O)NCCCN(C)Cc2ccccc2)cc1";"Activity";"'='";"55.0";"%";"";"";"";"UO_0000187";"";"";"";"";"0";"CHEMBL4131898";"Agonist activity at recombinant human 5-HT1B at 10 uM by GTPgamma[35S] binding-based assay relative to agonist";"F";"BAO_0000019";"assay format";"Homo sapiens";"None";"None";"None";"None";"";"";"";"CHEMBL1898";"Serotonin 1b (5-HT1b) receptor";"Homo sapiens";"SINGLE PROTEIN";"CHEMBL4130363";"1";"Scientific Literature";"Eur J Med Chem";"2017";"None";""
"CHEMBL3769507";"";"None";"497.56";"0";"4.26";"45; I-BRD9";"CCn1cc(-c2cccc(C(F)(F)F)c2)c2sc(C(=N)NC3CCS(=O)(=O)CC3)cc2c1=O";"Activity";"";"";"";"";"";"Not Active";"";"";"";"";"";"0";"CHEMBL3773871";"Agonist activity at human 5HT1B receptor at <5 uM by scintillation proximity assay";"B";"BAO_0000357";"single protein format";"Homo sapiens";"None";"None";"None";"None";"";"";"";"CHEMBL1898";"Serotonin 1b (5-HT1b) receptor";"Homo sapiens";"SINGLE PROTEIN";"CHEMBL3769376";"1";"Scientific Literature";"J Med Chem";"2016";"None";""
"CHEMBL1632212";"";"None";"468.58";"1";"5.30";"18";"Cc1ccc2c(N3CCN(CCc4cccc(NC(=O)c5cccc(F)c5)c4)CC3)cccc2n1";"Activity";"";"";"";"";"";"Active";"";"";"";"";"";"0";"CHEMBL1635445";"Inverse agonist activity at human recombinant 5-HT1B receptor expressed in CHO cells by [S35]GTPgammaS binding assay";"F";"BAO_0000219";"cell-based format";"Homo sapiens";"None";"None";"CHO";"None";"";"";"";"CHEMBL1898";"Serotonin 1b (5-HT1b) receptor";"Homo sapiens";"SINGLE PROTEIN";"CHEMBL1629528";"1";"Scientific Literature";"J Med Chem";"2010";"CHEMBL3308072";""
"CHEMBL370110";"";"None";"460.61";"0";"2.82";"33";"CN1CCc2c(sc3ncn(CCN4CCN(c5cncc6ccccc56)CC4)c(=O)c23)C1";"Activity";"";"";"";"";"";"Antagonist";"";"";"";"";"";"0";"CHEMBL868749";"Functional activity in in FLIPR assay for 5HT1B receptor";"F";"BAO_0000019";"assay format";"Homo sapiens";"None";"None";"None";"None";"";"";"";"CHEMBL1898";"Serotonin 1b (5-HT1b) receptor";"Homo sapiens";"SINGLE PROTEIN";"CHEMBL1141234";"1";"Scientific Literature";"Bioorg Med Chem Lett";"2005";"None";""
"CHEMBL1668584";"";"None";"316.39";"0";"2.22";"18";"CNc1nn2c(C)cc(C)nc2c1S(=O)(=O)c1ccccc1";"Activity";"";"";"";"";"";"Not Active";"";"";"";"";"";"0";"CHEMBL1764148";"Binding affinity to 5HT1B receptor at 10 uM by radioligand binding assay";"B";"BAO_0000357";"single protein format";"None";"None";"None";"None";"None";"";"";"";"CHEMBL1898";"Serotonin 1b (5-HT1b) receptor";"Homo sapiens";"SINGLE PROTEIN";"CHEMBL1759918";"1";"Scientific Literature";"Eur J Med Chem";"2011";"None";""
"CHEMBL200950";"";"None";"489.65";"0";"3.43";"30";"COc1ccc2ccccc2c1N1CCN(CCn2cnc3sc4c(c3c2=O)CCN(C)C4)CC1";"Activity";"";"";"";"";"";"Partial agonist";"";"";"";"";"";"0";"CHEMBL868749";"Functional activity in in FLIPR assay for 5HT1B receptor";"F";"BAO_0000019";"assay format";"Homo sapiens";"None";"None";"None";"None";"";"";"";"CHEMBL1898";"Serotonin 1b (5-HT1b) receptor";"Homo sapiens";"SINGLE PROTEIN";"CHEMBL1141234";"1";"Scientific Literature";"Bioorg Med Chem Lett";"2005";"None";""
"CHEMBL198999";"";"None";"515.68";"1";"3.85";"20";"CN1CCc2c(sc3ncn(CCN4CCN(c5ccccc5OCc5ccccc5)CC4)c(=O)c23)C1";"Activity";"";"";"";"";"";"Partial agonist";"";"";"";"";"";"0";"CHEMBL868749";"Functional activity in in FLIPR assay for 5HT1B receptor";"F";"BAO_0000019";"assay format";"Homo sapiens";"None";"None";"None";"None";"";"";"";"CHEMBL1898";"Serotonin 1b (5-HT1b) receptor";"Homo sapiens";"SINGLE PROTEIN";"CHEMBL1141234";"1";"Scientific Literature";"Bioorg Med Chem Lett";"2005";"None";""
"CHEMBL252766";"";"None";"283.40";"0";"3.79";"3";"CSc1ccc2nc(-c3ccc(N(C)C)cc3)cn2c1";"Activity";"'<'";"50.0";"%";"";"";"";"UO_0000187";"";"";"";"";"0";"CHEMBL927401";"Displacement of [3H]PIB from 5HT1B receptor at 10 uM";"B";"BAO_0000357";"single protein format";"None";"None";"None";"None";"None";"";"";"";"CHEMBL1898";"Serotonin 1b (5-HT1b) receptor";"Homo sapiens";"SINGLE PROTEIN";"CHEMBL1140705";"1";"Scientific Literature";"J Med Chem";"2008";"None";""
"CHEMBL570274";"";"None";"382.39";"0";"2.14";"24";"C[C@@H]1CNCCN1c1ccc(=O)n(CCOc2ccccc2C(F)(F)F)n1";"Activity";"'='";"1.0";"uM";"";"";"";"UO_0000064";"";"";"";"";"0";"CHEMBL1047258";"Binding affinity to human 5HT1B receptor";"B";"BAO_0000357";"single protein format";"Homo sapiens";"None";"None";"None";"None";"";"";"";"CHEMBL1898";"Serotonin 1b (5-HT1b) receptor";"Homo sapiens";"SINGLE PROTEIN";"CHEMBL1156026";"1";"Scientific Literature";"Bioorg Med Chem Lett";"2009";"None";""
"CHEMBL399045";"";"None";"491.89";"1";"6.78";"3g";"O=C(/C=C/c1ccc(Cl)c(Cl)c1)N1CCC(CN2CCC(c3ccc(Cl)cc3)CC2)CC1";"Activity";"";"";"";"";"";"Not Active";"";"";"";"";"";"0";"CHEMBL925095";"Inhibition of 5HT1B receptor at 1 uM";"B";"BAO_0000357";"single protein format";"None";"None";"None";"None";"None";"";"";"";"CHEMBL1898";"Serotonin 1b (5-HT1b) receptor";"Homo sapiens";"SINGLE PROTEIN";"CHEMBL1140484";"1";"Scientific Literature";"Bioorg Med Chem Lett";"2007";"None";""
"CHEMBL198462";"";"None";"474.03";"0";"2.93";"21";"COc1ccc(Cl)cc1N1CCN(CCn2cnc3sc4c(c3c2=O)CCN(C)C4)CC1";"Activity";"";"";"";"";"";"Antagonist";"";"";"";"";"";"0";"CHEMBL868749";"Functional activity in in FLIPR assay for 5HT1B receptor";"F";"BAO_0000019";"assay format";"Homo sapiens";"None";"None";"None";"None";"";"";"";"CHEMBL1898";"Serotonin 1b (5-HT1b) receptor";"Homo sapiens";"SINGLE PROTEIN";"CHEMBL1141234";"1";"Scientific Literature";"Bioorg Med Chem Lett";"2005";"None";""
"CHEMBL4758081";"";"None";"610.75";"2";"5.37";"Y7g";"COC(=O)[C@@H]1[C@H]2C[C@@H]3N(CC[C@@]34C(=O)N(Cc3cccc(OC)c3)c3ccccc34)C[C@@H]2CC[C@@H]1OCc1cccc(OC)c1";"Activity";"";"";"";"";"";"Not Active";"";"";"";"";"";"0";"CHEMBL4726283";"Agonist activity at HTR1B in human U2OS cells at 20 uM by PathHunter beta-arrestin assay relative to control";"B";"BAO_0000219";"cell-based format";"Homo sapiens";"None";"Bone";"U2OS";"None";"";"";"";"CHEMBL1898";"Serotonin 1b (5-HT1b) receptor";"Homo sapiens";"SINGLE PROTEIN";"CHEMBL4725259";"1";"Scientific Literature";"Bioorg Med Chem";"2020";"None";"Dose = 20.0 microM"
"CHEMBL118360";"";"None";"385.47";"0";"3.92";"3b";"COc1ccc(C(=O)Nc2ccc(-c3ccncc3)cc2)cc1C#CCN(C)C";"Activity";"'='";"32.3";"";"";"";"";"";"";"";"";"";"0";"CHEMBL617002";"Intrinsic activity for Antagonism of 5-hydroxytryptamine 1B receptor-mediated stimulation of [35S]GTP gamma S binding";"F";"BAO_0000019";"assay format";"None";"None";"None";"None";"None";"";"";"";"CHEMBL1898";"Serotonin 1b (5-HT1b) receptor";"Homo sapiens";"SINGLE PROTEIN";"CHEMBL1130199";"1";"Scientific Literature";"J Med Chem";"1997";"None";""
"CHEMBL4780505";"";"None";"566.50";"2";"5.09";"Y6p";"COC(=O)[C@@H]1[C@H]2C[C@@H](OCc3ccc(Br)cc3)c3[nH]c4ccccc4c3CCN(C#N)C[C@@H]2CC[C@@H]1O";"Activity";"";"";"";"";"";"Not Active";"";"";"";"";"";"0";"CHEMBL4726283";"Agonist activity at HTR1B in human U2OS cells at 20 uM by PathHunter beta-arrestin assay relative to control";"B";"BAO_0000219";"cell-based format";"Homo sapiens";"None";"Bone";"U2OS";"None";"";"";"";"CHEMBL1898";"Serotonin 1b (5-HT1b) receptor";"Homo sapiens";"SINGLE PROTEIN";"CHEMBL4725259";"1";"Scientific Literature";"Bioorg Med Chem";"2020";"None";"Dose = 20.0 microM"
"CHEMBL602305";"";"None";"349.33";"0";"3.09";"6o";"CC(C)OC(=O)N/N=c1\sc2cc(OC(F)(F)F)ccc2n1C";"Activity";"'='";"0.0";"%";"";"";"";"UO_0000187";"";"";"";"";"0";"CHEMBL1070908";"Displacement of radioligand from 5HT1B receptor at 10 uM by displacement assay";"B";"BAO_0000357";"single protein format";"None";"None";"None";"None";"None";"";"";"";"CHEMBL1898";"Serotonin 1b (5-HT1b) receptor";"Homo sapiens";"SINGLE PROTEIN";"CHEMBL1157731";"1";"Scientific Literature";"J Med Chem";"2010";"None";""
"CHEMBL601012";"";"None";"457.53";"0";"3.93";"5";"Cc1n[nH]c(C)c1-c1ccc(C)c2c(=O)cc(C(=O)Nc3ccc(N4CCOCC4)cc3)[nH]c12";"Activity";"'='";"33.0";"%";"";"";"";"UO_0000187";"";"";"";"";"0";"CHEMBL1070286";"Antagonist activity at 5HT1B receptor expressed in CHO cells by [35S]GTPgammaS assay";"F";"BAO_0000219";"cell-based format";"None";"None";"None";"CHO";"None";"";"";"";"CHEMBL1898";"Serotonin 1b (5-HT1b) receptor";"Homo sapiens";"SINGLE PROTEIN";"CHEMBL1156870";"1";"Scientific Literature";"J Med Chem";"2010";"CHEMBL3308072";""
"CHEMBL2172192";"";"None";"357.44";"0";"1.59";"11";"CNc1nn2cc3c(nc2c1S(=O)(=O)c1ccccc1)CCN(C)C3";"Activity";"";"";"";"";"";"Not Active";"";"";"";"";"";"0";"CHEMBL2176460";"Binding affinity to 5HT1B receptor at 1 uM by radioligand displacement assay";"B";"BAO_0000357";"single protein format";"None";"None";"None";"None";"None";"";"";"";"CHEMBL1898";"Serotonin 1b (5-HT1b) receptor";"Homo sapiens";"SINGLE PROTEIN";"CHEMBL2169877";"1";"Scientific Literature";"Bioorg Med Chem Lett";"2012";"None";""
"CHEMBL609624";"";"None";"373.40";"0";"3.65";"6f";"Cn1/c(=N/NC(=O)CC2CCCC2)sc2cc(OC(F)(F)F)ccc21";"Activity";"'='";"0.0";"%";"";"";"";"UO_0000187";"";"";"";"";"0";"CHEMBL1070908";"Displacement of radioligand from 5HT1B receptor at 10 uM by displacement assay";"B";"BAO_0000357";"single protein format";"None";"None";"None";"None";"None";"";"";"";"CHEMBL1898";"Serotonin 1b (5-HT1b) receptor";"Homo sapiens";"SINGLE PROTEIN";"CHEMBL1157731";"1";"Scientific Literature";"J Med Chem";"2010";"None";""
"CHEMBL199269";"";"None";"460.61";"0";"2.82";"36";"CN1CCc2c(sc3ncn(CCN4CCN(c5cccc6cnccc56)CC4)c(=O)c23)C1";"Activity";"";"";"";"";"";"Partial agonist";"";"";"";"";"";"0";"CHEMBL868749";"Functional activity in in FLIPR assay for 5HT1B receptor";"F";"BAO_0000019";"assay format";"Homo sapiens";"None";"None";"None";"None";"";"";"";"CHEMBL1898";"Serotonin 1b (5-HT1b) receptor";"Homo sapiens";"SINGLE PROTEIN";"CHEMBL1141234";"1";"Scientific Literature";"Bioorg Med Chem Lett";"2005";"None";""
"CHEMBL371221";"";"None";"460.61";"0";"2.82";"1";"CN1CCc2c(sc3ncn(CCN4CCN(c5nccc6ccccc56)CC4)c(=O)c23)C1";"Activity";"";"";"";"";"";"Partial agonist";"";"";"";"";"";"0";"CHEMBL868749";"Functional activity in in FLIPR assay for 5HT1B receptor";"F";"BAO_0000019";"assay format";"Homo sapiens";"None";"None";"None";"None";"";"";"";"CHEMBL1898";"Serotonin 1b (5-HT1b) receptor";"Homo sapiens";"SINGLE PROTEIN";"CHEMBL1141234";"1";"Scientific Literature";"Bioorg Med Chem Lett";"2005";"None";""
"CHEMBL197064";"";"None";"453.61";"0";"2.59";"23";"COc1ccc(C)cc1N1CCN(CCn2cnc3sc4c(c3c2=O)CCN(C)C4)CC1";"Activity";"";"";"";"";"";"Antagonist";"";"";"";"";"";"0";"CHEMBL868749";"Functional activity in in FLIPR assay for 5HT1B receptor";"F";"BAO_0000019";"assay format";"Homo sapiens";"None";"None";"None";"None";"";"";"";"CHEMBL1898";"Serotonin 1b (5-HT1b) receptor";"Homo sapiens";"SINGLE PROTEIN";"CHEMBL1141234";"1";"Scientific Literature";"Bioorg Med Chem Lett";"2005";"None";""
"CHEMBL3715238";"";"None";"419.45";"0";"3.00";"24";"Nc1ncc(-c2cc([C@H]3[C@@H]4CN(C5COC5)C[C@@H]43)n(CC3CC3)n2)cc1C(F)(F)F";"Activity";"'>'";"50.0";"%";"";"";"";"UO_0000187";"";"";"";"";"0";"CHEMBL4120217";"Binding affinity to 5HT1B receptor (unknown origin) receptor at 10 uM relative to control";"B";"BAO_0000357";"single protein format";"Homo sapiens";"None";"None";"None";"None";"";"";"";"CHEMBL1898";"Serotonin 1b (5-HT1b) receptor";"Homo sapiens";"SINGLE PROTEIN";"CHEMBL4118097";"1";"Scientific Literature";"J Med Chem";"2017";"None";""
"CHEMBL119800";"";"None";"387.48";"0";"4.58";"3d";"COc1ccc(C(=O)Nc2ccc(-c3ccncc3)cc2)cc1/C=C/CN(C)C";"Activity";"'='";"23.0";"";"";"";"";"";"";"";"";"";"0";"CHEMBL617002";"Intrinsic activity for Antagonism of 5-hydroxytryptamine 1B receptor-mediated stimulation of [35S]GTP gamma S binding";"F";"BAO_0000019";"assay format";"None";"None";"None";"None";"None";"";"";"";"CHEMBL1898";"Serotonin 1b (5-HT1b) receptor";"Homo sapiens";"SINGLE PROTEIN";"CHEMBL1130199";"1";"Scientific Literature";"J Med Chem";"1997";"None";""
"CHEMBL4758733";"";"None";"360.46";"0";"3.16";"14; ARN-21934";"CN(C)c1ccc(Nc2nc(-c3ccncc3)nc3c2CC(N)CC3)cc1";"Activity";"";"";"";"";"";"Not Active";"";"";"";"";"";"0";"CHEMBL4704153";"Agonist activity at human 5HT1B receptor at 2 uM by cell based cAMP assay";"F";"BAO_0000219";"cell-based format";"Homo sapiens";"None";"None";"None";"None";"";"";"";"CHEMBL1898";"Serotonin 1b (5-HT1b) receptor";"Homo sapiens";"SINGLE PROTEIN";"CHEMBL4699583";"1";"Scientific Literature";"J Med Chem";"2020";"None";"Dose = 2.0 microM"
"CHEMBL197344";"";"None";"465.65";"0";"3.48";"32";"CN1CCc2c(sc3ncn(CCN4CCN(c5cccc6ccsc56)CC4)c(=O)c23)C1";"Activity";"";"";"";"";"";"Antagonist";"";"";"";"";"";"0";"CHEMBL868749";"Functional activity in in FLIPR assay for 5HT1B receptor";"F";"BAO_0000019";"assay format";"Homo sapiens";"None";"None";"None";"None";"";"";"";"CHEMBL1898";"Serotonin 1b (5-HT1b) receptor";"Homo sapiens";"SINGLE PROTEIN";"CHEMBL1141234";"1";"Scientific Literature";"Bioorg Med Chem Lett";"2005";"None";""
"CHEMBL5086516";"";"None";"293.39";"0";"1.22";"5A6-48; UCSF648";"CN(C)S(=O)(=O)CCNCc1cccc2ncccc12";"Activity";"";"";"";"";"";"Not Active";"";"";"";"";"";"0";"CHEMBL5049151";"Binding affinity to 5-HT1BR (unknown origin) assessed as inhibition constant";"B";"BAO_0000357";"single protein format";"Homo sapiens";"None";"None";"None";"None";"";"";"";"CHEMBL1898";"Serotonin 1b (5-HT1b) receptor";"Homo sapiens";"SINGLE PROTEIN";"CHEMBL5046284";"1";"Scientific Literature";"J Med Chem";"2022";"None";""
"CHEMBL197338";"";"None";"508.48";"1";"3.58";"28";"COc1cc(Cl)c(Cl)cc1N1CCN(CCn2cnc3sc4c(c3c2=O)CCN(C)C4)CC1";"Activity";"";"";"";"";"";"Antagonist";"";"";"";"";"";"0";"CHEMBL868749";"Functional activity in in FLIPR assay for 5HT1B receptor";"F";"BAO_0000019";"assay format";"Homo sapiens";"None";"None";"None";"None";"";"";"";"CHEMBL1898";"Serotonin 1b (5-HT1b) receptor";"Homo sapiens";"SINGLE PROTEIN";"CHEMBL1141234";"1";"Scientific Literature";"Bioorg Med Chem Lett";"2005";"None";""
"CHEMBL4758733";"";"None";"360.46";"0";"3.16";"14; ARN-21934";"CN(C)c1ccc(Nc2nc(-c3ccncc3)nc3c2CC(N)CC3)cc1";"Activity";"";"";"";"";"";"Not Active";"";"";"";"";"";"0";"CHEMBL4704154";"Antagonist activity at human 5HT1B receptor at 2 uM by cell based cAMP assay";"F";"BAO_0000219";"cell-based format";"Homo sapiens";"None";"None";"None";"None";"";"";"";"CHEMBL1898";"Serotonin 1b (5-HT1b) receptor";"Homo sapiens";"SINGLE PROTEIN";"CHEMBL4699583";"1";"Scientific Literature";"J Med Chem";"2020";"None";"Dose = 2.0 microM"
"CHEMBL15245";"YOHIMBINE";"4.0";"354.45";"0";"2.65";"Y";"COC(=O)[C@@H]1[C@H]2C[C@H]3c4[nH]c5ccccc5c4CCN3C[C@@H]2CC[C@@H]1O";"Activity";"";"";"";"";"";"Not Active";"";"";"";"";"";"0";"CHEMBL4726283";"Agonist activity at HTR1B in human U2OS cells at 20 uM by PathHunter beta-arrestin assay relative to control";"B";"BAO_0000219";"cell-based format";"Homo sapiens";"None";"Bone";"U2OS";"None";"";"";"";"CHEMBL1898";"Serotonin 1b (5-HT1b) receptor";"Homo sapiens";"SINGLE PROTEIN";"CHEMBL4725259";"1";"Scientific Literature";"Bioorg Med Chem";"2020";"None";"Dose = 20.0 microM"
"CHEMBL246955";"";"None";"412.60";"0";"4.09";"(+)/-12x";"CSc1ccc(C2CN(C)Cc3cc(OCCCN4CCOCC4)ccc32)cc1";"Activity";"";"";"";"";"";"Not Active";"";"";"";"";"";"0";"CHEMBL885458";"Binding affinity at 5HT1B receptor at 1 uM";"B";"BAO_0000357";"single protein format";"None";"None";"None";"None";"None";"";"";"";"CHEMBL1898";"Serotonin 1b (5-HT1b) receptor";"Homo sapiens";"SINGLE PROTEIN";"CHEMBL1138430";"1";"Scientific Literature";"Bioorg Med Chem Lett";"2007";"None";""
"CHEMBL197011";"";"None";"469.61";"0";"2.29";"22";"COc1ccc(OC)c(N2CCN(CCn3cnc4sc5c(c4c3=O)CCN(C)C5)CC2)c1";"Activity";"";"";"";"";"";"Antagonist";"";"";"";"";"";"0";"CHEMBL868749";"Functional activity in in FLIPR assay for 5HT1B receptor";"F";"BAO_0000019";"assay format";"Homo sapiens";"None";"None";"None";"None";"";"";"";"CHEMBL1898";"Serotonin 1b (5-HT1b) receptor";"Homo sapiens";"SINGLE PROTEIN";"CHEMBL1141234";"1";"Scientific Literature";"Bioorg Med Chem Lett";"2005";"None";""
"CHEMBL4756430";"";"None";"478.55";"0";"2.06";"Y3h";"COC(=O)[C@@H]1[C@H]2C[C@@H]3N(CC[C@@]34C(=O)N(c3cncc(OC)n3)c3ccccc34)C[C@@H]2CC[C@@H]1O";"Activity";"";"";"";"";"";"Not Active";"";"";"";"";"";"0";"CHEMBL4726283";"Agonist activity at HTR1B in human U2OS cells at 20 uM by PathHunter beta-arrestin assay relative to control";"B";"BAO_0000219";"cell-based format";"Homo sapiens";"None";"Bone";"U2OS";"None";"";"";"";"CHEMBL1898";"Serotonin 1b (5-HT1b) receptor";"Homo sapiens";"SINGLE PROTEIN";"CHEMBL4725259";"1";"Scientific Literature";"Bioorg Med Chem";"2020";"None";"Dose = 20.0 microM"
"CHEMBL196907";"";"None";"461.60";"0";"2.21";"39";"CN1CCc2c(sc3ncn(CCN4CCN(c5ncnc6ccccc56)CC4)c(=O)c23)C1";"Activity";"";"";"";"";"";"Agonist";"";"";"";"";"";"0";"CHEMBL868749";"Functional activity in in FLIPR assay for 5HT1B receptor";"F";"BAO_0000019";"assay format";"Homo sapiens";"None";"None";"None";"None";"";"";"";"CHEMBL1898";"Serotonin 1b (5-HT1b) receptor";"Homo sapiens";"SINGLE PROTEIN";"CHEMBL1141234";"1";"Scientific Literature";"Bioorg Med Chem Lett";"2005";"None";""
"CHEMBL4757200";"";"None";"485.58";"0";"4.11";"Y4a";"COC(=O)[C@@H]1[C@H]2C[C@@H]3OCc4ccccc4-n4c3c(c3ccccc34)CCN(C#N)C[C@@H]2CC[C@@H]1O";"Activity";"";"";"";"";"";"Not Active";"";"";"";"";"";"0";"CHEMBL4726283";"Agonist activity at HTR1B in human U2OS cells at 20 uM by PathHunter beta-arrestin assay relative to control";"B";"BAO_0000219";"cell-based format";"Homo sapiens";"None";"Bone";"U2OS";"None";"";"";"";"CHEMBL1898";"Serotonin 1b (5-HT1b) receptor";"Homo sapiens";"SINGLE PROTEIN";"CHEMBL4725259";"1";"Scientific Literature";"Bioorg Med Chem";"2020";"None";"Dose = 20.0 microM"
"CHEMBL4795575";"";"None";"485.58";"0";"4.11";"Y5a";"COC(=O)[C@@H]1[C@H]2C[C@H]3OCc4ccccc4-n4c3c(c3ccccc34)CCN(C#N)C[C@@H]2CC[C@@H]1O";"Activity";"";"";"";"";"";"Not Active";"";"";"";"";"";"0";"CHEMBL4726283";"Agonist activity at HTR1B in human U2OS cells at 20 uM by PathHunter beta-arrestin assay relative to control";"B";"BAO_0000219";"cell-based format";"Homo sapiens";"None";"Bone";"U2OS";"None";"";"";"";"CHEMBL1898";"Serotonin 1b (5-HT1b) receptor";"Homo sapiens";"SINGLE PROTEIN";"CHEMBL4725259";"1";"Scientific Literature";"Bioorg Med Chem";"2020";"None";"Dose = 20.0 microM"
